film_id,category_id,last_update
1,6,2006-02-15T05:07:09.000Z
2,11,2006-02-15T05:07:09.000Z
3,6,2006-02-15T05:07:09.000Z
4,11,2006-02-15T05:07:09.000Z
5,8,2006-02-15T05:07:09.000Z
6,9,2006-02-15T05:07:09.000Z
7,5,2006-02-15T05:07:09.000Z
8,11,2006-02-15T05:07:09.000Z
9,11,2006-02-15T05:07:09.000Z
10,15,2006-02-15T05:07:09.000Z
11,9,2006-02-15T05:07:09.000Z
12,12,2006-02-15T05:07:09.000Z
13,11,2006-02-15T05:07:09.000Z
14,4,2006-02-15T05:07:09.000Z
15,9,2006-02-15T05:07:09.000Z
16,9,2006-02-15T05:07:09.000Z
17,12,2006-02-15T05:07:09.000Z
18,2,2006-02-15T05:07:09.000Z
19,1,2006-02-15T05:07:09.000Z
20,12,2006-02-15T05:07:09.000Z
21,1,2006-02-15T05:07:09.000Z
22,13,2006-02-15T05:07:09.000Z
23,2,2006-02-15T05:07:09.000Z
24,11,2006-02-15T05:07:09.000Z
25,13,2006-02-15T05:07:09.000Z
26,14,2006-02-15T05:07:09.000Z
27,15,2006-02-15T05:07:09.000Z
28,5,2006-02-15T05:07:09.000Z
29,1,2006-02-15T05:07:09.000Z
30,11,2006-02-15T05:07:09.000Z
31,8,2006-02-15T05:07:09.000Z
32,13,2006-02-15T05:07:09.000Z
33,7,2006-02-15T05:07:09.000Z
34,11,2006-02-15T05:07:09.000Z
35,11,2006-02-15T05:07:09.000Z
36,2,2006-02-15T05:07:09.000Z
37,4,2006-02-15T05:07:09.000Z
38,1,2006-02-15T05:07:09.000Z
39,14,2006-02-15T05:07:09.000Z
40,6,2006-02-15T05:07:09.000Z
41,16,2006-02-15T05:07:09.000Z
42,15,2006-02-15T05:07:09.000Z
43,8,2006-02-15T05:07:09.000Z
44,14,2006-02-15T05:07:09.000Z
45,13,2006-02-15T05:07:09.000Z
46,10,2006-02-15T05:07:09.000Z
47,9,2006-02-15T05:07:09.000Z
48,3,2006-02-15T05:07:09.000Z
49,14,2006-02-15T05:07:09.000Z
50,8,2006-02-15T05:07:09.000Z
51,12,2006-02-15T05:07:09.000Z
52,9,2006-02-15T05:07:09.000Z
53,8,2006-02-15T05:07:09.000Z
54,12,2006-02-15T05:07:09.000Z
55,14,2006-02-15T05:07:09.000Z
56,1,2006-02-15T05:07:09.000Z
57,16,2006-02-15T05:07:09.000Z
58,6,2006-02-15T05:07:09.000Z
59,3,2006-02-15T05:07:09.000Z
60,4,2006-02-15T05:07:09.000Z
61,7,2006-02-15T05:07:09.000Z
62,6,2006-02-15T05:07:09.000Z
63,8,2006-02-15T05:07:09.000Z
64,7,2006-02-15T05:07:09.000Z
65,11,2006-02-15T05:07:09.000Z
66,3,2006-02-15T05:07:09.000Z
67,1,2006-02-15T05:07:09.000Z
68,3,2006-02-15T05:07:09.000Z
69,14,2006-02-15T05:07:09.000Z
70,2,2006-02-15T05:07:09.000Z
71,8,2006-02-15T05:07:09.000Z
72,6,2006-02-15T05:07:09.000Z
73,14,2006-02-15T05:07:09.000Z
74,12,2006-02-15T05:07:09.000Z
75,16,2006-02-15T05:07:09.000Z
76,12,2006-02-15T05:07:09.000Z
77,13,2006-02-15T05:07:09.000Z
78,2,2006-02-15T05:07:09.000Z
79,7,2006-02-15T05:07:09.000Z
80,8,2006-02-15T05:07:09.000Z
81,14,2006-02-15T05:07:09.000Z
82,8,2006-02-15T05:07:09.000Z
83,8,2006-02-15T05:07:09.000Z
84,16,2006-02-15T05:07:09.000Z
85,6,2006-02-15T05:07:09.000Z
86,12,2006-02-15T05:07:09.000Z
87,16,2006-02-15T05:07:09.000Z
88,16,2006-02-15T05:07:09.000Z
89,2,2006-02-15T05:07:09.000Z
90,13,2006-02-15T05:07:09.000Z
91,4,2006-02-15T05:07:09.000Z
92,11,2006-02-15T05:07:09.000Z
93,13,2006-02-15T05:07:09.000Z
94,8,2006-02-15T05:07:09.000Z
95,13,2006-02-15T05:07:09.000Z
96,13,2006-02-15T05:07:09.000Z
97,1,2006-02-15T05:07:09.000Z
98,7,2006-02-15T05:07:09.000Z
99,5,2006-02-15T05:07:09.000Z
100,9,2006-02-15T05:07:09.000Z
101,6,2006-02-15T05:07:09.000Z
102,15,2006-02-15T05:07:09.000Z
103,16,2006-02-15T05:07:09.000Z
104,9,2006-02-15T05:07:09.000Z
105,1,2006-02-15T05:07:09.000Z
106,10,2006-02-15T05:07:09.000Z
107,7,2006-02-15T05:07:09.000Z
108,13,2006-02-15T05:07:09.000Z
109,13,2006-02-15T05:07:09.000Z
110,3,2006-02-15T05:07:09.000Z
111,1,2006-02-15T05:07:09.000Z
112,9,2006-02-15T05:07:09.000Z
113,15,2006-02-15T05:07:09.000Z
114,14,2006-02-15T05:07:09.000Z
115,1,2006-02-15T05:07:09.000Z
116,4,2006-02-15T05:07:09.000Z
117,10,2006-02-15T05:07:09.000Z
118,2,2006-02-15T05:07:09.000Z
119,5,2006-02-15T05:07:09.000Z
120,15,2006-02-15T05:07:09.000Z
121,2,2006-02-15T05:07:09.000Z
122,11,2006-02-15T05:07:09.000Z
123,16,2006-02-15T05:07:09.000Z
124,3,2006-02-15T05:07:09.000Z
125,16,2006-02-15T05:07:09.000Z
126,1,2006-02-15T05:07:09.000Z
127,5,2006-02-15T05:07:09.000Z
128,9,2006-02-15T05:07:09.000Z
129,6,2006-02-15T05:07:09.000Z
130,1,2006-02-15T05:07:09.000Z
131,4,2006-02-15T05:07:09.000Z
132,14,2006-02-15T05:07:09.000Z
133,12,2006-02-15T05:07:09.000Z
134,2,2006-02-15T05:07:09.000Z
135,15,2006-02-15T05:07:09.000Z
136,13,2006-02-15T05:07:09.000Z
137,14,2006-02-15T05:07:09.000Z
138,14,2006-02-15T05:07:09.000Z
139,8,2006-02-15T05:07:09.000Z
140,14,2006-02-15T05:07:09.000Z
141,10,2006-02-15T05:07:09.000Z
142,6,2006-02-15T05:07:09.000Z
143,7,2006-02-15T05:07:09.000Z
144,13,2006-02-15T05:07:09.000Z
145,8,2006-02-15T05:07:09.000Z
146,7,2006-02-15T05:07:09.000Z
147,8,2006-02-15T05:07:09.000Z
148,9,2006-02-15T05:07:09.000Z
149,3,2006-02-15T05:07:09.000Z
150,6,2006-02-15T05:07:09.000Z
151,14,2006-02-15T05:07:09.000Z
152,3,2006-02-15T05:07:09.000Z
153,14,2006-02-15T05:07:09.000Z
154,2,2006-02-15T05:07:09.000Z
155,13,2006-02-15T05:07:09.000Z
156,6,2006-02-15T05:07:09.000Z
157,3,2006-02-15T05:07:09.000Z
158,12,2006-02-15T05:07:09.000Z
159,5,2006-02-15T05:07:09.000Z
160,2,2006-02-15T05:07:09.000Z
161,12,2006-02-15T05:07:09.000Z
162,1,2006-02-15T05:07:09.000Z
163,13,2006-02-15T05:07:09.000Z
164,6,2006-02-15T05:07:09.000Z
165,14,2006-02-15T05:07:09.000Z
166,4,2006-02-15T05:07:09.000Z
167,16,2006-02-15T05:07:09.000Z
168,3,2006-02-15T05:07:09.000Z
169,16,2006-02-15T05:07:09.000Z
170,9,2006-02-15T05:07:09.000Z
171,11,2006-02-15T05:07:09.000Z
172,7,2006-02-15T05:07:09.000Z
173,7,2006-02-15T05:07:09.000Z
174,12,2006-02-15T05:07:09.000Z
175,8,2006-02-15T05:07:09.000Z
176,15,2006-02-15T05:07:09.000Z
177,14,2006-02-15T05:07:09.000Z
178,5,2006-02-15T05:07:09.000Z
179,7,2006-02-15T05:07:09.000Z
180,4,2006-02-15T05:07:09.000Z
181,16,2006-02-15T05:07:09.000Z
182,5,2006-02-15T05:07:09.000Z
183,8,2006-02-15T05:07:09.000Z
184,4,2006-02-15T05:07:09.000Z
185,9,2006-02-15T05:07:09.000Z
186,7,2006-02-15T05:07:09.000Z
187,15,2006-02-15T05:07:09.000Z
188,5,2006-02-15T05:07:09.000Z
189,10,2006-02-15T05:07:09.000Z
190,4,2006-02-15T05:07:09.000Z
191,3,2006-02-15T05:07:09.000Z
192,9,2006-02-15T05:07:09.000Z
193,2,2006-02-15T05:07:09.000Z
194,1,2006-02-15T05:07:09.000Z
195,14,2006-02-15T05:07:09.000Z
196,4,2006-02-15T05:07:09.000Z
197,15,2006-02-15T05:07:09.000Z
198,9,2006-02-15T05:07:09.000Z
199,6,2006-02-15T05:07:09.000Z
200,10,2006-02-15T05:07:09.000Z
201,9,2006-02-15T05:07:09.000Z
202,5,2006-02-15T05:07:09.000Z
203,14,2006-02-15T05:07:09.000Z
204,7,2006-02-15T05:07:09.000Z
205,1,2006-02-15T05:07:09.000Z
206,6,2006-02-15T05:07:09.000Z
207,9,2006-02-15T05:07:09.000Z
208,2,2006-02-15T05:07:09.000Z
209,7,2006-02-15T05:07:09.000Z
210,1,2006-02-15T05:07:09.000Z
211,10,2006-02-15T05:07:09.000Z
212,1,2006-02-15T05:07:09.000Z
213,8,2006-02-15T05:07:09.000Z
214,3,2006-02-15T05:07:09.000Z
215,10,2006-02-15T05:07:09.000Z
216,13,2006-02-15T05:07:09.000Z
217,10,2006-02-15T05:07:09.000Z
218,7,2006-02-15T05:07:09.000Z
219,6,2006-02-15T05:07:09.000Z
220,12,2006-02-15T05:07:09.000Z
221,6,2006-02-15T05:07:09.000Z
222,11,2006-02-15T05:07:09.000Z
223,2,2006-02-15T05:07:09.000Z
224,16,2006-02-15T05:07:09.000Z
225,7,2006-02-15T05:07:09.000Z
226,13,2006-02-15T05:07:09.000Z
227,10,2006-02-15T05:07:09.000Z
228,4,2006-02-15T05:07:09.000Z
229,1,2006-02-15T05:07:09.000Z
230,7,2006-02-15T05:07:09.000Z
231,8,2006-02-15T05:07:09.000Z
232,10,2006-02-15T05:07:09.000Z
233,16,2006-02-15T05:07:09.000Z
234,14,2006-02-15T05:07:09.000Z
235,14,2006-02-15T05:07:09.000Z
236,10,2006-02-15T05:07:09.000Z
237,15,2006-02-15T05:07:09.000Z
238,3,2006-02-15T05:07:09.000Z
239,2,2006-02-15T05:07:09.000Z
240,14,2006-02-15T05:07:09.000Z
241,2,2006-02-15T05:07:09.000Z
242,5,2006-02-15T05:07:09.000Z
243,2,2006-02-15T05:07:09.000Z
244,12,2006-02-15T05:07:09.000Z
245,2,2006-02-15T05:07:09.000Z
246,9,2006-02-15T05:07:09.000Z
247,5,2006-02-15T05:07:09.000Z
248,6,2006-02-15T05:07:09.000Z
249,4,2006-02-15T05:07:09.000Z
250,1,2006-02-15T05:07:09.000Z
251,13,2006-02-15T05:07:09.000Z
252,1,2006-02-15T05:07:09.000Z
253,1,2006-02-15T05:07:09.000Z
254,15,2006-02-15T05:07:09.000Z
255,12,2006-02-15T05:07:09.000Z
256,15,2006-02-15T05:07:09.000Z
257,16,2006-02-15T05:07:09.000Z
258,11,2006-02-15T05:07:09.000Z
259,2,2006-02-15T05:07:09.000Z
260,15,2006-02-15T05:07:09.000Z
261,6,2006-02-15T05:07:09.000Z
262,8,2006-02-15T05:07:09.000Z
263,15,2006-02-15T05:07:09.000Z
264,10,2006-02-15T05:07:09.000Z
265,5,2006-02-15T05:07:09.000Z
266,4,2006-02-15T05:07:09.000Z
267,13,2006-02-15T05:07:09.000Z
268,2,2006-02-15T05:07:09.000Z
269,8,2006-02-15T05:07:09.000Z
270,13,2006-02-15T05:07:09.000Z
271,1,2006-02-15T05:07:09.000Z
272,7,2006-02-15T05:07:09.000Z
273,8,2006-02-15T05:07:09.000Z
274,6,2006-02-15T05:07:09.000Z
275,11,2006-02-15T05:07:09.000Z
276,5,2006-02-15T05:07:09.000Z
277,11,2006-02-15T05:07:09.000Z
278,12,2006-02-15T05:07:09.000Z
279,15,2006-02-15T05:07:09.000Z
280,3,2006-02-15T05:07:09.000Z
281,10,2006-02-15T05:07:09.000Z
282,7,2006-02-15T05:07:09.000Z
283,13,2006-02-15T05:07:09.000Z
284,12,2006-02-15T05:07:09.000Z
285,14,2006-02-15T05:07:09.000Z
286,16,2006-02-15T05:07:09.000Z
287,1,2006-02-15T05:07:09.000Z
288,16,2006-02-15T05:07:09.000Z
289,13,2006-02-15T05:07:09.000Z
290,9,2006-02-15T05:07:09.000Z
291,15,2006-02-15T05:07:09.000Z
292,1,2006-02-15T05:07:09.000Z
293,15,2006-02-15T05:07:09.000Z
294,16,2006-02-15T05:07:09.000Z
295,6,2006-02-15T05:07:09.000Z
296,14,2006-02-15T05:07:09.000Z
297,4,2006-02-15T05:07:09.000Z
298,14,2006-02-15T05:07:09.000Z
299,16,2006-02-15T05:07:09.000Z
300,2,2006-02-15T05:07:09.000Z
301,11,2006-02-15T05:07:09.000Z
302,10,2006-02-15T05:07:09.000Z
303,1,2006-02-15T05:07:09.000Z
304,3,2006-02-15T05:07:09.000Z
305,13,2006-02-15T05:07:09.000Z
306,10,2006-02-15T05:07:09.000Z
307,16,2006-02-15T05:07:09.000Z
308,5,2006-02-15T05:07:09.000Z
309,8,2006-02-15T05:07:09.000Z
310,10,2006-02-15T05:07:09.000Z
311,9,2006-02-15T05:07:09.000Z
312,14,2006-02-15T05:07:09.000Z
313,11,2006-02-15T05:07:09.000Z
314,2,2006-02-15T05:07:09.000Z
315,8,2006-02-15T05:07:09.000Z
316,10,2006-02-15T05:07:09.000Z
317,5,2006-02-15T05:07:09.000Z
318,1,2006-02-15T05:07:09.000Z
319,14,2006-02-15T05:07:09.000Z
320,13,2006-02-15T05:07:09.000Z
321,13,2006-02-15T05:07:09.000Z
322,15,2006-02-15T05:07:09.000Z
323,15,2006-02-15T05:07:09.000Z
324,5,2006-02-15T05:07:09.000Z
325,2,2006-02-15T05:07:09.000Z
326,2,2006-02-15T05:07:09.000Z
327,1,2006-02-15T05:07:09.000Z
328,3,2006-02-15T05:07:09.000Z
329,1,2006-02-15T05:07:09.000Z
330,2,2006-02-15T05:07:09.000Z
331,10,2006-02-15T05:07:09.000Z
332,5,2006-02-15T05:07:09.000Z
333,12,2006-02-15T05:07:09.000Z
334,11,2006-02-15T05:07:09.000Z
335,5,2006-02-15T05:07:09.000Z
336,6,2006-02-15T05:07:09.000Z
337,9,2006-02-15T05:07:09.000Z
338,14,2006-02-15T05:07:09.000Z
339,16,2006-02-15T05:07:09.000Z
340,13,2006-02-15T05:07:09.000Z
341,4,2006-02-15T05:07:09.000Z
342,16,2006-02-15T05:07:09.000Z
343,3,2006-02-15T05:07:09.000Z
344,3,2006-02-15T05:07:09.000Z
345,8,2006-02-15T05:07:09.000Z
346,4,2006-02-15T05:07:09.000Z
347,16,2006-02-15T05:07:09.000Z
348,8,2006-02-15T05:07:09.000Z
349,2,2006-02-15T05:07:09.000Z
350,14,2006-02-15T05:07:09.000Z
351,11,2006-02-15T05:07:09.000Z
352,10,2006-02-15T05:07:09.000Z
353,9,2006-02-15T05:07:09.000Z
354,3,2006-02-15T05:07:09.000Z
355,2,2006-02-15T05:07:09.000Z
356,3,2006-02-15T05:07:09.000Z
357,4,2006-02-15T05:07:09.000Z
358,4,2006-02-15T05:07:09.000Z
359,8,2006-02-15T05:07:09.000Z
360,1,2006-02-15T05:07:09.000Z
361,15,2006-02-15T05:07:09.000Z
362,10,2006-02-15T05:07:09.000Z
363,12,2006-02-15T05:07:09.000Z
364,13,2006-02-15T05:07:09.000Z
365,5,2006-02-15T05:07:09.000Z
366,7,2006-02-15T05:07:09.000Z
367,14,2006-02-15T05:07:09.000Z
368,7,2006-02-15T05:07:09.000Z
369,14,2006-02-15T05:07:09.000Z
370,3,2006-02-15T05:07:09.000Z
371,1,2006-02-15T05:07:09.000Z
372,15,2006-02-15T05:07:09.000Z
373,3,2006-02-15T05:07:09.000Z
374,14,2006-02-15T05:07:09.000Z
375,1,2006-02-15T05:07:09.000Z
376,9,2006-02-15T05:07:09.000Z
377,8,2006-02-15T05:07:09.000Z
378,12,2006-02-15T05:07:09.000Z
379,7,2006-02-15T05:07:09.000Z
380,9,2006-02-15T05:07:09.000Z
381,10,2006-02-15T05:07:09.000Z
382,10,2006-02-15T05:07:09.000Z
383,15,2006-02-15T05:07:09.000Z
384,12,2006-02-15T05:07:09.000Z
385,5,2006-02-15T05:07:09.000Z
386,16,2006-02-15T05:07:09.000Z
387,10,2006-02-15T05:07:09.000Z
388,5,2006-02-15T05:07:09.000Z
389,15,2006-02-15T05:07:09.000Z
390,14,2006-02-15T05:07:09.000Z
391,8,2006-02-15T05:07:09.000Z
392,3,2006-02-15T05:07:09.000Z
393,6,2006-02-15T05:07:09.000Z
394,14,2006-02-15T05:07:09.000Z
395,1,2006-02-15T05:07:09.000Z
396,7,2006-02-15T05:07:09.000Z
397,14,2006-02-15T05:07:09.000Z
398,12,2006-02-15T05:07:09.000Z
399,9,2006-02-15T05:07:09.000Z
400,6,2006-02-15T05:07:09.000Z
401,7,2006-02-15T05:07:09.000Z
402,2,2006-02-15T05:07:09.000Z
403,7,2006-02-15T05:07:09.000Z
404,5,2006-02-15T05:07:09.000Z
405,16,2006-02-15T05:07:09.000Z
406,10,2006-02-15T05:07:09.000Z
407,6,2006-02-15T05:07:09.000Z
408,10,2006-02-15T05:07:09.000Z
409,3,2006-02-15T05:07:09.000Z
410,5,2006-02-15T05:07:09.000Z
411,12,2006-02-15T05:07:09.000Z
412,6,2006-02-15T05:07:09.000Z
413,5,2006-02-15T05:07:09.000Z
414,9,2006-02-15T05:07:09.000Z
415,11,2006-02-15T05:07:09.000Z
416,9,2006-02-15T05:07:09.000Z
417,1,2006-02-15T05:07:09.000Z
418,7,2006-02-15T05:07:09.000Z
419,8,2006-02-15T05:07:09.000Z
420,15,2006-02-15T05:07:09.000Z
421,9,2006-02-15T05:07:09.000Z
422,14,2006-02-15T05:07:09.000Z
423,3,2006-02-15T05:07:09.000Z
424,3,2006-02-15T05:07:09.000Z
425,4,2006-02-15T05:07:09.000Z
426,12,2006-02-15T05:07:09.000Z
427,6,2006-02-15T05:07:09.000Z
428,8,2006-02-15T05:07:09.000Z
429,15,2006-02-15T05:07:09.000Z
430,2,2006-02-15T05:07:09.000Z
431,9,2006-02-15T05:07:09.000Z
432,4,2006-02-15T05:07:09.000Z
433,2,2006-02-15T05:07:09.000Z
434,16,2006-02-15T05:07:09.000Z
435,9,2006-02-15T05:07:09.000Z
436,13,2006-02-15T05:07:09.000Z
437,8,2006-02-15T05:07:09.000Z
438,10,2006-02-15T05:07:09.000Z
439,7,2006-02-15T05:07:09.000Z
440,9,2006-02-15T05:07:09.000Z
441,6,2006-02-15T05:07:09.000Z
442,8,2006-02-15T05:07:09.000Z
443,5,2006-02-15T05:07:09.000Z
444,5,2006-02-15T05:07:09.000Z
445,4,2006-02-15T05:07:09.000Z
446,15,2006-02-15T05:07:09.000Z
447,10,2006-02-15T05:07:09.000Z
448,13,2006-02-15T05:07:09.000Z
449,14,2006-02-15T05:07:09.000Z
450,3,2006-02-15T05:07:09.000Z
451,16,2006-02-15T05:07:09.000Z
452,9,2006-02-15T05:07:09.000Z
453,15,2006-02-15T05:07:09.000Z
454,12,2006-02-15T05:07:09.000Z
455,9,2006-02-15T05:07:09.000Z
456,2,2006-02-15T05:07:09.000Z
457,6,2006-02-15T05:07:09.000Z
458,8,2006-02-15T05:07:09.000Z
459,9,2006-02-15T05:07:09.000Z
460,9,2006-02-15T05:07:09.000Z
461,2,2006-02-15T05:07:09.000Z
462,12,2006-02-15T05:07:09.000Z
463,15,2006-02-15T05:07:09.000Z
464,2,2006-02-15T05:07:09.000Z
465,13,2006-02-15T05:07:09.000Z
466,6,2006-02-15T05:07:09.000Z
467,9,2006-02-15T05:07:09.000Z
468,3,2006-02-15T05:07:09.000Z
469,4,2006-02-15T05:07:09.000Z
470,2,2006-02-15T05:07:09.000Z
471,4,2006-02-15T05:07:09.000Z
472,16,2006-02-15T05:07:09.000Z
473,7,2006-02-15T05:07:09.000Z
474,15,2006-02-15T05:07:09.000Z
475,11,2006-02-15T05:07:09.000Z
476,8,2006-02-15T05:07:09.000Z
477,12,2006-02-15T05:07:09.000Z
478,5,2006-02-15T05:07:09.000Z
479,8,2006-02-15T05:07:09.000Z
480,4,2006-02-15T05:07:09.000Z
481,13,2006-02-15T05:07:09.000Z
482,4,2006-02-15T05:07:09.000Z
483,10,2006-02-15T05:07:09.000Z
484,4,2006-02-15T05:07:09.000Z
485,3,2006-02-15T05:07:09.000Z
486,9,2006-02-15T05:07:09.000Z
487,4,2006-02-15T05:07:09.000Z
488,15,2006-02-15T05:07:09.000Z
489,2,2006-02-15T05:07:09.000Z
490,13,2006-02-15T05:07:09.000Z
491,3,2006-02-15T05:07:09.000Z
492,13,2006-02-15T05:07:09.000Z
493,9,2006-02-15T05:07:09.000Z
494,11,2006-02-15T05:07:09.000Z
495,11,2006-02-15T05:07:09.000Z
496,16,2006-02-15T05:07:09.000Z
497,6,2006-02-15T05:07:09.000Z
498,8,2006-02-15T05:07:09.000Z
499,8,2006-02-15T05:07:09.000Z
500,9,2006-02-15T05:07:09.000Z
501,1,2006-02-15T05:07:09.000Z
502,5,2006-02-15T05:07:09.000Z
503,15,2006-02-15T05:07:09.000Z
504,7,2006-02-15T05:07:09.000Z
505,3,2006-02-15T05:07:09.000Z
506,11,2006-02-15T05:07:09.000Z
507,10,2006-02-15T05:07:09.000Z
508,10,2006-02-15T05:07:09.000Z
509,3,2006-02-15T05:07:09.000Z
510,2,2006-02-15T05:07:09.000Z
511,1,2006-02-15T05:07:09.000Z
512,4,2006-02-15T05:07:09.000Z
513,16,2006-02-15T05:07:09.000Z
514,7,2006-02-15T05:07:09.000Z
515,3,2006-02-15T05:07:09.000Z
516,12,2006-02-15T05:07:09.000Z
517,15,2006-02-15T05:07:09.000Z
518,16,2006-02-15T05:07:09.000Z
519,15,2006-02-15T05:07:09.000Z
520,14,2006-02-15T05:07:09.000Z
521,7,2006-02-15T05:07:09.000Z
522,5,2006-02-15T05:07:09.000Z
523,4,2006-02-15T05:07:09.000Z
524,5,2006-02-15T05:07:09.000Z
525,4,2006-02-15T05:07:09.000Z
526,16,2006-02-15T05:07:09.000Z
527,11,2006-02-15T05:07:09.000Z
528,8,2006-02-15T05:07:09.000Z
529,5,2006-02-15T05:07:09.000Z
530,1,2006-02-15T05:07:09.000Z
531,9,2006-02-15T05:07:09.000Z
532,15,2006-02-15T05:07:09.000Z
533,9,2006-02-15T05:07:09.000Z
534,8,2006-02-15T05:07:09.000Z
535,11,2006-02-15T05:07:09.000Z
536,4,2006-02-15T05:07:09.000Z
537,4,2006-02-15T05:07:09.000Z
538,13,2006-02-15T05:07:09.000Z
539,7,2006-02-15T05:07:09.000Z
540,12,2006-02-15T05:07:09.000Z
541,2,2006-02-15T05:07:09.000Z
542,1,2006-02-15T05:07:09.000Z
543,16,2006-02-15T05:07:09.000Z
544,6,2006-02-15T05:07:09.000Z
545,9,2006-02-15T05:07:09.000Z
546,10,2006-02-15T05:07:09.000Z
547,3,2006-02-15T05:07:09.000Z
548,4,2006-02-15T05:07:09.000Z
549,1,2006-02-15T05:07:09.000Z
550,8,2006-02-15T05:07:09.000Z
551,13,2006-02-15T05:07:09.000Z
552,6,2006-02-15T05:07:09.000Z
553,3,2006-02-15T05:07:09.000Z
554,4,2006-02-15T05:07:09.000Z
555,5,2006-02-15T05:07:09.000Z
556,10,2006-02-15T05:07:09.000Z
557,8,2006-02-15T05:07:09.000Z
558,13,2006-02-15T05:07:09.000Z
559,14,2006-02-15T05:07:09.000Z
560,10,2006-02-15T05:07:09.000Z
561,13,2006-02-15T05:07:09.000Z
562,12,2006-02-15T05:07:09.000Z
563,10,2006-02-15T05:07:09.000Z
564,2,2006-02-15T05:07:09.000Z
565,9,2006-02-15T05:07:09.000Z
566,9,2006-02-15T05:07:09.000Z
567,9,2006-02-15T05:07:09.000Z
568,5,2006-02-15T05:07:09.000Z
569,2,2006-02-15T05:07:09.000Z
570,15,2006-02-15T05:07:09.000Z
571,6,2006-02-15T05:07:09.000Z
572,14,2006-02-15T05:07:09.000Z
573,3,2006-02-15T05:07:09.000Z
574,1,2006-02-15T05:07:09.000Z
575,6,2006-02-15T05:07:09.000Z
576,6,2006-02-15T05:07:09.000Z
577,15,2006-02-15T05:07:09.000Z
578,4,2006-02-15T05:07:09.000Z
579,1,2006-02-15T05:07:09.000Z
580,13,2006-02-15T05:07:09.000Z
581,12,2006-02-15T05:07:09.000Z
582,2,2006-02-15T05:07:09.000Z
583,2,2006-02-15T05:07:09.000Z
584,9,2006-02-15T05:07:09.000Z
585,7,2006-02-15T05:07:09.000Z
586,1,2006-02-15T05:07:09.000Z
587,6,2006-02-15T05:07:09.000Z
588,3,2006-02-15T05:07:09.000Z
589,6,2006-02-15T05:07:09.000Z
590,13,2006-02-15T05:07:09.000Z
591,10,2006-02-15T05:07:09.000Z
592,12,2006-02-15T05:07:09.000Z
593,11,2006-02-15T05:07:09.000Z
594,1,2006-02-15T05:07:09.000Z
595,9,2006-02-15T05:07:09.000Z
596,10,2006-02-15T05:07:09.000Z
597,10,2006-02-15T05:07:09.000Z
598,15,2006-02-15T05:07:09.000Z
599,15,2006-02-15T05:07:09.000Z
600,11,2006-02-15T05:07:09.000Z
601,16,2006-02-15T05:07:09.000Z
602,14,2006-02-15T05:07:09.000Z
603,8,2006-02-15T05:07:09.000Z
604,5,2006-02-15T05:07:09.000Z
605,9,2006-02-15T05:07:09.000Z
606,15,2006-02-15T05:07:09.000Z
607,9,2006-02-15T05:07:09.000Z
608,3,2006-02-15T05:07:09.000Z
609,16,2006-02-15T05:07:09.000Z
610,8,2006-02-15T05:07:09.000Z
611,4,2006-02-15T05:07:09.000Z
612,15,2006-02-15T05:07:09.000Z
613,5,2006-02-15T05:07:09.000Z
614,10,2006-02-15T05:07:09.000Z
615,2,2006-02-15T05:07:09.000Z
616,6,2006-02-15T05:07:09.000Z
617,8,2006-02-15T05:07:09.000Z
618,7,2006-02-15T05:07:09.000Z
619,15,2006-02-15T05:07:09.000Z
620,14,2006-02-15T05:07:09.000Z
621,8,2006-02-15T05:07:09.000Z
622,6,2006-02-15T05:07:09.000Z
623,9,2006-02-15T05:07:09.000Z
624,10,2006-02-15T05:07:09.000Z
625,14,2006-02-15T05:07:09.000Z
626,3,2006-02-15T05:07:09.000Z
627,6,2006-02-15T05:07:09.000Z
628,15,2006-02-15T05:07:09.000Z
629,6,2006-02-15T05:07:09.000Z
630,7,2006-02-15T05:07:09.000Z
631,15,2006-02-15T05:07:09.000Z
632,13,2006-02-15T05:07:09.000Z
633,4,2006-02-15T05:07:09.000Z
634,8,2006-02-15T05:07:09.000Z
635,13,2006-02-15T05:07:09.000Z
636,12,2006-02-15T05:07:09.000Z
637,14,2006-02-15T05:07:09.000Z
638,5,2006-02-15T05:07:09.000Z
639,8,2006-02-15T05:07:09.000Z
640,9,2006-02-15T05:07:09.000Z
641,9,2006-02-15T05:07:09.000Z
642,16,2006-02-15T05:07:09.000Z
643,7,2006-02-15T05:07:09.000Z
644,2,2006-02-15T05:07:09.000Z
645,16,2006-02-15T05:07:09.000Z
646,10,2006-02-15T05:07:09.000Z
647,12,2006-02-15T05:07:09.000Z
648,16,2006-02-15T05:07:09.000Z
649,2,2006-02-15T05:07:09.000Z
650,6,2006-02-15T05:07:09.000Z
651,2,2006-02-15T05:07:09.000Z
652,4,2006-02-15T05:07:09.000Z
653,11,2006-02-15T05:07:09.000Z
654,10,2006-02-15T05:07:09.000Z
655,14,2006-02-15T05:07:09.000Z
656,16,2006-02-15T05:07:09.000Z
657,5,2006-02-15T05:07:09.000Z
658,11,2006-02-15T05:07:09.000Z
659,1,2006-02-15T05:07:09.000Z
660,5,2006-02-15T05:07:09.000Z
661,9,2006-02-15T05:07:09.000Z
662,7,2006-02-15T05:07:09.000Z
663,4,2006-02-15T05:07:09.000Z
664,1,2006-02-15T05:07:09.000Z
665,11,2006-02-15T05:07:09.000Z
666,7,2006-02-15T05:07:09.000Z
667,15,2006-02-15T05:07:09.000Z
668,15,2006-02-15T05:07:09.000Z
669,9,2006-02-15T05:07:09.000Z
670,6,2006-02-15T05:07:09.000Z
671,15,2006-02-15T05:07:09.000Z
672,5,2006-02-15T05:07:09.000Z
673,12,2006-02-15T05:07:09.000Z
674,9,2006-02-15T05:07:09.000Z
675,13,2006-02-15T05:07:09.000Z
676,15,2006-02-15T05:07:09.000Z
677,13,2006-02-15T05:07:09.000Z
678,15,2006-02-15T05:07:09.000Z
679,8,2006-02-15T05:07:09.000Z
680,5,2006-02-15T05:07:09.000Z
681,15,2006-02-15T05:07:09.000Z
682,8,2006-02-15T05:07:09.000Z
683,7,2006-02-15T05:07:09.000Z
684,10,2006-02-15T05:07:09.000Z
685,13,2006-02-15T05:07:09.000Z
686,13,2006-02-15T05:07:09.000Z
687,6,2006-02-15T05:07:09.000Z
688,3,2006-02-15T05:07:09.000Z
689,9,2006-02-15T05:07:09.000Z
690,2,2006-02-15T05:07:09.000Z
691,15,2006-02-15T05:07:09.000Z
692,2,2006-02-15T05:07:09.000Z
693,2,2006-02-15T05:07:09.000Z
694,4,2006-02-15T05:07:09.000Z
695,8,2006-02-15T05:07:09.000Z
696,2,2006-02-15T05:07:09.000Z
697,1,2006-02-15T05:07:09.000Z
698,6,2006-02-15T05:07:09.000Z
699,10,2006-02-15T05:07:09.000Z
700,8,2006-02-15T05:07:09.000Z
701,10,2006-02-15T05:07:09.000Z
702,11,2006-02-15T05:07:09.000Z
703,2,2006-02-15T05:07:09.000Z
704,5,2006-02-15T05:07:09.000Z
705,9,2006-02-15T05:07:09.000Z
706,7,2006-02-15T05:07:09.000Z
707,1,2006-02-15T05:07:09.000Z
708,6,2006-02-15T05:07:09.000Z
709,7,2006-02-15T05:07:09.000Z
710,8,2006-02-15T05:07:09.000Z
711,14,2006-02-15T05:07:09.000Z
712,6,2006-02-15T05:07:09.000Z
713,6,2006-02-15T05:07:09.000Z
714,14,2006-02-15T05:07:09.000Z
715,8,2006-02-15T05:07:09.000Z
716,11,2006-02-15T05:07:09.000Z
717,1,2006-02-15T05:07:09.000Z
718,12,2006-02-15T05:07:09.000Z
719,15,2006-02-15T05:07:09.000Z
720,13,2006-02-15T05:07:09.000Z
721,12,2006-02-15T05:07:09.000Z
722,11,2006-02-15T05:07:09.000Z
723,14,2006-02-15T05:07:09.000Z
724,8,2006-02-15T05:07:09.000Z
725,4,2006-02-15T05:07:09.000Z
726,9,2006-02-15T05:07:09.000Z
727,8,2006-02-15T05:07:09.000Z
728,7,2006-02-15T05:07:09.000Z
729,15,2006-02-15T05:07:09.000Z
730,13,2006-02-15T05:07:09.000Z
731,4,2006-02-15T05:07:09.000Z
732,1,2006-02-15T05:07:09.000Z
733,15,2006-02-15T05:07:09.000Z
734,6,2006-02-15T05:07:09.000Z
735,3,2006-02-15T05:07:09.000Z
736,8,2006-02-15T05:07:09.000Z
737,11,2006-02-15T05:07:09.000Z
738,9,2006-02-15T05:07:09.000Z
739,7,2006-02-15T05:07:09.000Z
740,11,2006-02-15T05:07:09.000Z
741,12,2006-02-15T05:07:09.000Z
742,10,2006-02-15T05:07:09.000Z
743,2,2006-02-15T05:07:09.000Z
744,4,2006-02-15T05:07:09.000Z
745,15,2006-02-15T05:07:09.000Z
746,10,2006-02-15T05:07:09.000Z
747,10,2006-02-15T05:07:09.000Z
748,1,2006-02-15T05:07:09.000Z
749,11,2006-02-15T05:07:09.000Z
750,13,2006-02-15T05:07:09.000Z
751,13,2006-02-15T05:07:09.000Z
752,12,2006-02-15T05:07:09.000Z
753,8,2006-02-15T05:07:09.000Z
754,5,2006-02-15T05:07:09.000Z
755,3,2006-02-15T05:07:09.000Z
756,5,2006-02-15T05:07:09.000Z
757,6,2006-02-15T05:07:09.000Z
758,7,2006-02-15T05:07:09.000Z
759,13,2006-02-15T05:07:09.000Z
760,13,2006-02-15T05:07:09.000Z
761,3,2006-02-15T05:07:09.000Z
762,10,2006-02-15T05:07:09.000Z
763,15,2006-02-15T05:07:09.000Z
764,15,2006-02-15T05:07:09.000Z
765,5,2006-02-15T05:07:09.000Z
766,7,2006-02-15T05:07:09.000Z
767,12,2006-02-15T05:07:09.000Z
768,3,2006-02-15T05:07:09.000Z
769,9,2006-02-15T05:07:09.000Z
770,9,2006-02-15T05:07:09.000Z
771,7,2006-02-15T05:07:09.000Z
772,7,2006-02-15T05:07:09.000Z
773,15,2006-02-15T05:07:09.000Z
774,5,2006-02-15T05:07:09.000Z
775,7,2006-02-15T05:07:09.000Z
776,6,2006-02-15T05:07:09.000Z
777,15,2006-02-15T05:07:09.000Z
778,8,2006-02-15T05:07:09.000Z
779,15,2006-02-15T05:07:09.000Z
780,8,2006-02-15T05:07:09.000Z
781,10,2006-02-15T05:07:09.000Z
782,15,2006-02-15T05:07:09.000Z
783,16,2006-02-15T05:07:09.000Z
784,16,2006-02-15T05:07:09.000Z
785,16,2006-02-15T05:07:09.000Z
786,3,2006-02-15T05:07:09.000Z
787,16,2006-02-15T05:07:09.000Z
788,6,2006-02-15T05:07:09.000Z
789,9,2006-02-15T05:07:09.000Z
790,7,2006-02-15T05:07:09.000Z
791,6,2006-02-15T05:07:09.000Z
792,9,2006-02-15T05:07:09.000Z
793,1,2006-02-15T05:07:09.000Z
794,1,2006-02-15T05:07:09.000Z
795,8,2006-02-15T05:07:09.000Z
796,15,2006-02-15T05:07:09.000Z
797,12,2006-02-15T05:07:09.000Z
798,14,2006-02-15T05:07:09.000Z
799,11,2006-02-15T05:07:09.000Z
800,11,2006-02-15T05:07:09.000Z
801,3,2006-02-15T05:07:09.000Z
802,1,2006-02-15T05:07:09.000Z
803,7,2006-02-15T05:07:09.000Z
804,11,2006-02-15T05:07:09.000Z
805,2,2006-02-15T05:07:09.000Z
806,13,2006-02-15T05:07:09.000Z
807,10,2006-02-15T05:07:09.000Z
808,4,2006-02-15T05:07:09.000Z
809,15,2006-02-15T05:07:09.000Z
810,8,2006-02-15T05:07:09.000Z
811,16,2006-02-15T05:07:09.000Z
812,6,2006-02-15T05:07:09.000Z
813,15,2006-02-15T05:07:09.000Z
814,5,2006-02-15T05:07:09.000Z
815,4,2006-02-15T05:07:09.000Z
816,2,2006-02-15T05:07:09.000Z
817,14,2006-02-15T05:07:09.000Z
818,7,2006-02-15T05:07:09.000Z
819,12,2006-02-15T05:07:09.000Z
820,2,2006-02-15T05:07:09.000Z
821,9,2006-02-15T05:07:09.000Z
822,8,2006-02-15T05:07:09.000Z
823,1,2006-02-15T05:07:09.000Z
824,8,2006-02-15T05:07:09.000Z
825,1,2006-02-15T05:07:09.000Z
826,16,2006-02-15T05:07:09.000Z
827,7,2006-02-15T05:07:09.000Z
828,4,2006-02-15T05:07:09.000Z
829,8,2006-02-15T05:07:09.000Z
830,11,2006-02-15T05:07:09.000Z
831,14,2006-02-15T05:07:09.000Z
832,8,2006-02-15T05:07:09.000Z
833,3,2006-02-15T05:07:09.000Z
834,6,2006-02-15T05:07:09.000Z
835,10,2006-02-15T05:07:09.000Z
836,15,2006-02-15T05:07:09.000Z
837,5,2006-02-15T05:07:09.000Z
838,1,2006-02-15T05:07:09.000Z
839,14,2006-02-15T05:07:09.000Z
840,10,2006-02-15T05:07:09.000Z
841,15,2006-02-15T05:07:09.000Z
842,10,2006-02-15T05:07:09.000Z
843,4,2006-02-15T05:07:09.000Z
844,15,2006-02-15T05:07:09.000Z
845,9,2006-02-15T05:07:09.000Z
846,13,2006-02-15T05:07:09.000Z
847,13,2006-02-15T05:07:09.000Z
848,16,2006-02-15T05:07:09.000Z
849,2,2006-02-15T05:07:09.000Z
850,1,2006-02-15T05:07:09.000Z
851,15,2006-02-15T05:07:09.000Z
852,3,2006-02-15T05:07:09.000Z
853,3,2006-02-15T05:07:09.000Z
854,11,2006-02-15T05:07:09.000Z
855,6,2006-02-15T05:07:09.000Z
856,11,2006-02-15T05:07:09.000Z
857,5,2006-02-15T05:07:09.000Z
858,5,2006-02-15T05:07:09.000Z
859,2,2006-02-15T05:07:09.000Z
860,14,2006-02-15T05:07:09.000Z
861,10,2006-02-15T05:07:09.000Z
862,4,2006-02-15T05:07:09.000Z
863,14,2006-02-15T05:07:09.000Z
864,3,2006-02-15T05:07:09.000Z
865,2,2006-02-15T05:07:09.000Z
866,8,2006-02-15T05:07:09.000Z
867,8,2006-02-15T05:07:09.000Z
868,16,2006-02-15T05:07:09.000Z
869,1,2006-02-15T05:07:09.000Z
870,11,2006-02-15T05:07:09.000Z
871,5,2006-02-15T05:07:09.000Z
872,16,2006-02-15T05:07:09.000Z
873,3,2006-02-15T05:07:09.000Z
874,4,2006-02-15T05:07:09.000Z
875,15,2006-02-15T05:07:09.000Z
876,11,2006-02-15T05:07:09.000Z
877,12,2006-02-15T05:07:09.000Z
878,16,2006-02-15T05:07:09.000Z
879,12,2006-02-15T05:07:09.000Z
880,2,2006-02-15T05:07:09.000Z
881,11,2006-02-15T05:07:09.000Z
882,7,2006-02-15T05:07:09.000Z
883,3,2006-02-15T05:07:09.000Z
884,12,2006-02-15T05:07:09.000Z
885,11,2006-02-15T05:07:09.000Z
886,2,2006-02-15T05:07:09.000Z
887,2,2006-02-15T05:07:09.000Z
888,6,2006-02-15T05:07:09.000Z
889,3,2006-02-15T05:07:09.000Z
890,15,2006-02-15T05:07:09.000Z
891,4,2006-02-15T05:07:09.000Z
892,2,2006-02-15T05:07:09.000Z
893,14,2006-02-15T05:07:09.000Z
894,16,2006-02-15T05:07:09.000Z
895,4,2006-02-15T05:07:09.000Z
896,3,2006-02-15T05:07:09.000Z
897,7,2006-02-15T05:07:09.000Z
898,15,2006-02-15T05:07:09.000Z
899,4,2006-02-15T05:07:09.000Z
900,9,2006-02-15T05:07:09.000Z
901,2,2006-02-15T05:07:09.000Z
902,15,2006-02-15T05:07:09.000Z
903,16,2006-02-15T05:07:09.000Z
904,11,2006-02-15T05:07:09.000Z
905,5,2006-02-15T05:07:09.000Z
906,5,2006-02-15T05:07:09.000Z
907,7,2006-02-15T05:07:09.000Z
908,9,2006-02-15T05:07:09.000Z
909,11,2006-02-15T05:07:09.000Z
910,7,2006-02-15T05:07:09.000Z
911,1,2006-02-15T05:07:09.000Z
912,14,2006-02-15T05:07:09.000Z
913,13,2006-02-15T05:07:09.000Z
914,16,2006-02-15T05:07:09.000Z
915,1,2006-02-15T05:07:09.000Z
916,2,2006-02-15T05:07:09.000Z
917,15,2006-02-15T05:07:09.000Z
918,3,2006-02-15T05:07:09.000Z
919,10,2006-02-15T05:07:09.000Z
920,13,2006-02-15T05:07:09.000Z
921,12,2006-02-15T05:07:09.000Z
922,11,2006-02-15T05:07:09.000Z
923,7,2006-02-15T05:07:09.000Z
924,14,2006-02-15T05:07:09.000Z
925,6,2006-02-15T05:07:09.000Z
926,6,2006-02-15T05:07:09.000Z
927,1,2006-02-15T05:07:09.000Z
928,3,2006-02-15T05:07:09.000Z
929,9,2006-02-15T05:07:09.000Z
930,14,2006-02-15T05:07:09.000Z
931,16,2006-02-15T05:07:09.000Z
932,5,2006-02-15T05:07:09.000Z
933,13,2006-02-15T05:07:09.000Z
934,10,2006-02-15T05:07:09.000Z
935,13,2006-02-15T05:07:09.000Z
936,12,2006-02-15T05:07:09.000Z
937,13,2006-02-15T05:07:09.000Z
938,5,2006-02-15T05:07:09.000Z
939,5,2006-02-15T05:07:09.000Z
940,15,2006-02-15T05:07:09.000Z
941,10,2006-02-15T05:07:09.000Z
942,7,2006-02-15T05:07:09.000Z
943,6,2006-02-15T05:07:09.000Z
944,7,2006-02-15T05:07:09.000Z
945,6,2006-02-15T05:07:09.000Z
946,8,2006-02-15T05:07:09.000Z
947,9,2006-02-15T05:07:09.000Z
948,13,2006-02-15T05:07:09.000Z
949,10,2006-02-15T05:07:09.000Z
950,4,2006-02-15T05:07:09.000Z
951,4,2006-02-15T05:07:09.000Z
952,6,2006-02-15T05:07:09.000Z
953,2,2006-02-15T05:07:09.000Z
954,13,2006-02-15T05:07:09.000Z
955,3,2006-02-15T05:07:09.000Z
956,10,2006-02-15T05:07:09.000Z
957,9,2006-02-15T05:07:09.000Z
958,7,2006-02-15T05:07:09.000Z
959,3,2006-02-15T05:07:09.000Z
960,6,2006-02-15T05:07:09.000Z
961,9,2006-02-15T05:07:09.000Z
962,4,2006-02-15T05:07:09.000Z
963,2,2006-02-15T05:07:09.000Z
964,1,2006-02-15T05:07:09.000Z
965,11,2006-02-15T05:07:09.000Z
966,6,2006-02-15T05:07:09.000Z
967,14,2006-02-15T05:07:09.000Z
968,1,2006-02-15T05:07:09.000Z
969,7,2006-02-15T05:07:09.000Z
970,4,2006-02-15T05:07:09.000Z
971,9,2006-02-15T05:07:09.000Z
972,14,2006-02-15T05:07:09.000Z
973,6,2006-02-15T05:07:09.000Z
974,13,2006-02-15T05:07:09.000Z
975,8,2006-02-15T05:07:09.000Z
976,10,2006-02-15T05:07:09.000Z
977,16,2006-02-15T05:07:09.000Z
978,5,2006-02-15T05:07:09.000Z
979,7,2006-02-15T05:07:09.000Z
980,12,2006-02-15T05:07:09.000Z
981,16,2006-02-15T05:07:09.000Z
982,1,2006-02-15T05:07:09.000Z
983,12,2006-02-15T05:07:09.000Z
984,9,2006-02-15T05:07:09.000Z
985,14,2006-02-15T05:07:09.000Z
986,2,2006-02-15T05:07:09.000Z
987,12,2006-02-15T05:07:09.000Z
988,16,2006-02-15T05:07:09.000Z
989,16,2006-02-15T05:07:09.000Z
990,11,2006-02-15T05:07:09.000Z
991,1,2006-02-15T05:07:09.000Z
992,6,2006-02-15T05:07:09.000Z
993,3,2006-02-15T05:07:09.000Z
994,13,2006-02-15T05:07:09.000Z
995,11,2006-02-15T05:07:09.000Z
996,6,2006-02-15T05:07:09.000Z
997,12,2006-02-15T05:07:09.000Z
998,11,2006-02-15T05:07:09.000Z
999,3,2006-02-15T05:07:09.000Z
1000,5,2006-02-15T05:07:09.000Z